م,كود العميل,اسم العميل,رقم الهاتف,الرقم القومي / الهوية,1-30 يوم (90%),31-60 يوم (75%),61-90 يوم (50%),91-180 يوم (30%),181-365 يوم (15%),أكثر من سنة (5%),إجمالي الرصيد القائم,التحصيل التقديري المتوقع للتفليسة
1,,ABDELRAHIM MOHAMED,31310330,28373601770,"11,700.00","6,600.00",0.00,"18,400.00","30,590.00","53,980.00","121,270.00","28,287.50"
2,,RAVISHANKAR PANDEY,33336834,29235624784,0.00,0.00,0.00,"20,412.00","45,360.00","47,798.00","113,570.00","15,317.50"
3,IND-25-0276,حسن بن ساسی ظاهری,31115657,29778800219,"3,000.00","1,500.00",0.00,"6,700.00","25,900.00","56,985.00","94,085.00","12,569.25"
4,IND-25-0181,ABDALLAH ALOUANI,70897519,29878801126,"9,000.00","4,500.00",0.00,"13,500.00","31,500.00","19,947.00","78,447.00","21,247.35"
5,IND-25-0291,MOHAMED مسلم امام ابراهیم حامد,55958782,30573600163,"8,400.00","4,200.00",0.00,"12,600.00","22,150.00","10,500.00","57,850.00","18,337.50"
6,IND-25-0096,حمزة سيرونجا,50795709,28680000504,"4,200.00","2,100.00",0.00,"6,300.00","12,600.00","25,290.00","50,490.00","10,399.50"
7,,فادي السعيدي,66043445,29778800257,"6,800.00","3,400.00",0.00,"10,200.00","22,661.00","6,656.00","49,717.00","15,461.95"
8,IND-26-0026,Mohamed Sabri,30811517,27581805457,"3,000.00","1,500.00",0.00,"4,500.00","10,500.00","30,000.00","49,500.00","8,250.00"
9,IND-25-0122,HABIB KHELIFI,66205223,29178801261,"4,000.00","2,000.00",0.00,"6,000.00","14,000.00","23,495.00","49,495.00","10,174.75"
10,IND-25-0145,MOHAMEDELHAYTHEM ELTAHIR MOHAMED,50446192,27673601350,"4,200.00","2,100.00",0.00,"6,300.00","14,700.00","21,300.00","48,600.00","10,515.00"
11,IND-25-0245,MOHAMED ALI FETOUI,33779853,28278801203,"4,200.00","2,100.00",0.00,"6,300.00","14,700.00","18,500.00","45,800.00","10,375.00"
12,IND-25-0049,بنور رقية,30743344,29678800942,"3,200.00","1,600.00",0.00,"4,800.00","11,200.00","24,300.00","45,100.00","8,415.00"
13,IND-26-0021,Mujeeb Amin,77909052,27573601888,"3,000.00","1,500.00",0.00,"4,500.00","10,500.00","25,500.00","45,000.00","8,025.00"
14,IND-26-0044,Atef Abdelkader Sghairi,97477028940,28878801902,"3,000.00","1,500.00",0.00,"4,500.00","10,500.00","24,000.00","43,500.00","7,950.00"
15,IND-25-0036,ATEF MANSOUR,74446588,28181802312,"3,700.00","1,850.00",0.00,"5,550.00","12,950.00","18,600.00","42,650.00","9,255.00"
16,IND-26-0028,Mahdi Youssef,33670123,27273601103,"3,000.00","1,500.00",0.00,"4,500.00","10,500.00","21,000.00","40,500.00","7,800.00"
17,IND-26-0024,ADEL HAMID ALI ABDEL KARIM,30108831,28273601623,"3,000.00","1,500.00",0.00,"4,500.00","10,500.00","21,000.00","40,500.00","7,800.00"
18,IND-25-0191,عبد الحنان,55222976,26405000204,"4,200.00","2,100.00",0.00,"6,300.00","14,700.00","13,170.00","40,470.00","10,108.50"
19,IND-25-0019,أحمد عبد الله محمود عبد الله محمود عبد الله,,28273602091,"3,500.00","1,750.00",0.00,"5,250.00","12,250.00","15,750.00","38,500.00","8,662.50"
20,IND-25-0171,HAMZE HAYSSAM HUSSEIN,71348615,30042200722,"4,000.00","2,000.00",0.00,"6,000.00","14,000.00","12,260.00","38,260.00","9,613.00"
21,,احمد تاج,31001958,,"7,000.00","3,500.00",0.00,"10,500.00","17,000.00",0.00,"38,000.00","14,625.00"
22,IND-25-0310,نبيل عوض قسم فرج الله,31184659,27173600607,"3,400.00","1,700.00",0.00,"5,100.00","11,900.00","15,810.00","37,910.00","8,440.50"
23,IND-25-0069,صبري مباركي,55133110,28978800362,"3,600.00","1,800.00",0.00,"5,400.00","12,600.00","14,400.00","37,800.00","8,820.00"
24,IND-25-0244,طارق بوتيمدجيت,55039533,27801200137,"3,500.00","1,750.00",0.00,"5,250.00","12,250.00","14,910.00","37,660.00","8,620.50"
25,IND-25-0284,سعيد الحبابي,33333971,28663402985,"3,000.00","1,500.00",0.00,"4,500.00","10,500.00","17,000.00","36,500.00","7,600.00"
26,IND-25-0227,احمد الشيخ الصديق هاشم الوسيله,50118063,27773601703,"5,000.00","2,500.00",0.00,"7,500.00","12,300.00","8,874.00","36,174.00","10,913.70"
27,IND-26-0035,Hany Husham,29473600218,29473600218,"3,000.00","1,500.00",0.00,"4,500.00","10,500.00","15,000.00","34,500.00","7,500.00"
28,IND-25-0150,احمد عبدالله محمد,70692014,28711,"3,100.00","1,550.00",0.00,"4,650.00","10,850.00","13,950.00","34,100.00","7,672.50"
29,,MAHDI HOSNI,30180684,28078800388,"4,200.00","2,100.00",0.00,"6,300.00","10,500.00","8,400.00","31,500.00","9,240.00"
30,IND-25-0279,أشرف سعداوي,55165658,28978802393,"3,000.00","1,500.00",0.00,"4,500.00","10,500.00","11,900.00","31,400.00","7,345.00"
31,,فهد الشريف عبد الرحيم يوسف,66549444,29350401015,"2,600.00","1,300.00",0.00,"3,900.00","5,350.00","18,200.00","31,350.00","6,197.50"
32,IND-25-0258,يوسف سقام سقام,33721869,29350401869,"3,400.00","1,700.00",0.00,"5,100.00","11,900.00","8,550.00","30,650.00","8,077.50"
33,IND-25-0341,MOHAMMED YAHYA GASMALLA ABDALLH,50200224,29473603596,"3,400.00","1,700.00",0.00,"5,100.00","11,900.00","7,850.00","29,950.00","8,042.50"
34,IND-25-0167,أمير عبد الرحمن احمد المهدى,33734751,27273600742,"4,600.00","2,300.00",0.00,"6,260.00","2,660.00","13,470.00","29,290.00","8,815.50"
35,IND-25-0479,AWADELKARIM ABDELMONIM ALI SEEDAHMED,66947604,28073601741,"5,100.00","2,550.00",0.00,"7,650.00","13,825.00",0.00,"29,125.00","10,871.25"
36,IND-25-0345,عبد الحميد عترون,50643428,28801200759,"3,000.00","1,500.00",0.00,"4,500.00","10,500.00","9,554.00","29,054.00","7,227.70"
37,IND-25-0346,ابراهيم يعقوب,30882244,27973601677,"3,200.00","1,600.00",0.00,"4,800.00","11,200.00","8,000.00","28,800.00","7,600.00"
38,IND-25-0292,حنين الجلاصي,50533032,28178801085,"2,600.00","1,300.00",0.00,"3,900.00","9,100.00","11,700.00","28,600.00","6,435.00"
39,IND-25-0011,YASIR الصادق نصر الدين ابو القاسم,55990635,29673601272,"3,000.00","1,500.00",0.00,"4,500.00","10,500.00","9,000.00","28,500.00","7,200.00"
40,IND-25-0085,اسلام عثمان محمدين,55025546,29408000183,"3,000.00","1,500.00",0.00,"4,500.00","10,500.00","7,905.00","27,405.00","7,145.25"
41,IND-25-0330,YOUSSEF ABIDI KHALILI P,72119703,29678801302,"3,500.00","1,750.00",0.00,"5,250.00","6,700.00","9,950.00","27,150.00","7,540.00"
42,IND-25-0337,قيس العياري,30109102,28378801754,"3,600.00","1,800.00",0.00,"5,400.00","12,600.00","3,160.00","26,560.00","8,258.00"
43,IND-25-0352,قسورة عبد الرحيم,71109995,29973602573,"3,000.00","1,500.00",0.00,"4,500.00","10,500.00","7,000.00","26,500.00","7,100.00"
44,IND-25-0205,ABDELMOUNEIM ISMAIL MAHMOOD MOHAMED,77884170,26373601125,"4,200.00","2,100.00",0.00,"6,300.00","13,112.00",0.00,"25,712.00","9,211.80"
45,,ESSAM AHMED ABDELDAYED AHMED,66276263,27981803187,"3,000.00","1,500.00",0.00,"4,500.00","10,500.00","6,000.00","25,500.00","7,050.00"
46,IND-25-0338,MAGDI بخيت اسماعين حماد,50246458,27473601102,"3,000.00","1,500.00",0.00,"4,500.00","10,500.00","6,000.00","25,500.00","7,050.00"
47,IND-25-0028,MOHAMED B,30383077,28973603370,"3,300.00","1,650.00",0.00,"4,950.00","11,550.00","3,900.00","25,350.00","7,620.00"
48,IND-25-0164,عبدالغفور درار,77122519,29501201171,"3,000.00","1,500.00",0.00,"4,500.00","10,500.00","5,700.00","25,200.00","7,035.00"
49,IND-25-0409,محمد العويني,66816813,29678801714,"6,600.00","3,300.00",0.00,"5,188.00","9,900.00",0.00,"24,988.00","11,456.40"
50,,مجدي محمد عباس,33557425,26073600810,"3,300.00","1,650.00",0.00,"4,950.00","9,900.00","4,950.00","24,750.00","7,425.00"
51,,SAFIELDIN M,70692947,29673602602,"3,200.00","1,600.00",0.00,"4,800.00","10,000.00","5,100.00","24,700.00","7,275.00"
52,IND-25-0076,محمد إبراهيم,50506797,29173600826,"3,200.00","1,600.00",0.00,"4,800.00","11,200.00","3,520.00","24,320.00","7,376.00"
53,IND-25-0084,علم الدين جمعة,66188278,29673604664,"3,000.00","1,500.00",0.00,"4,500.00","9,000.00","6,068.00","24,068.00","6,828.40"
54,IND-25-0242,جاسم محمد الصالح,30047797,30276001052,"3,000.00","1,500.00",0.00,"4,500.00","10,500.00","4,500.00","24,000.00","6,975.00"
55,IND-25-0631,موسى حيمر,71503673,,"3,200.00","1,600.00",0.00,"4,800.00","11,200.00","2,800.00","23,600.00","7,340.00"
56,IND-25-0226,هاني براهمي,66521616,29978801488,"3,200.00","1,600.00",0.00,"4,800.00","11,200.00","2,737.00","23,537.00","7,336.85"
57,IND-25-0239,SALIH ABDALLAH MOHAMED AHMED,55339605,27573600307,"4,200.00","2,100.00",0.00,"6,300.00","10,880.00",0.00,"23,480.00","8,877.00"
58,,محمد المختار بنباشة,30788438,28878802732,"3,400.00","1,700.00",0.00,"5,100.00","11,900.00","1,100.00","23,200.00","7,705.00"
59,,انور الجنبيني,66934949,29450401901,"3,200.00","1,600.00",0.00,"4,800.00","10,700.00","2,850.00","23,150.00","7,267.50"
60,,MOHAMED ALI SALIM,30757703,28778801843,"3,000.00","1,500.00",0.00,"4,500.00","9,000.00","4,500.00","22,500.00","6,750.00"
61,,MARWEN BAKIR,51024665,,"3,200.00","1,600.00",0.00,"4,800.00","11,200.00","1,600.00","22,400.00","7,280.00"
62,IND-25-0363,عبد الله عمر برهان,30945601,28573602905,"3,200.00","1,600.00",0.00,"4,800.00","7,750.00","4,900.00","22,250.00","6,927.50"
63,,عبد العزيز سامي,66744251,,"3,400.00","1,700.00",0.00,"5,100.00","11,900.00",0.00,"22,100.00","7,650.00"
64,,عنتر علي النمر,77442758,,"3,000.00","1,500.00",0.00,"4,500.00","10,500.00","1,710.00","21,210.00","6,835.50"
65,,مجدي احمد عبدالله علي,33613081,27173601202,"3,000.00","1,500.00",0.00,"4,500.00","7,500.00","4,500.00","21,000.00","6,525.00"
66,,هيثم خليفة بنعلي,50529648,29378802317,"3,000.00","1,500.00",0.00,"4,500.00","10,500.00","1,500.00","21,000.00","6,825.00"
67,,MOHAMMED SALIH MOHAMMED FAREG HAMID,55449463,28373601304,"3,200.00","1,600.00",0.00,"4,800.00","11,200.00",100.00,"20,900.00","7,205.00"
68,,صدام مصطفى سعيد,77068310,29273602503,"3,200.00","1,600.00",0.00,"4,800.00","11,200.00",0.00,"20,800.00","7,200.00"
69,IND-25-0065,كبيروم العرجاوي ولدكيدان,96407,28423003423,"2,500.00","1,250.00",0.00,"3,750.00","8,750.00","4,370.00","20,620.00","5,843.50"
70,IND-25-0026,AHMED ABDELLA TAHER EDRISS,77013644,29573602552,"3,500.00","1,750.00",0.00,"5,250.00","1,932.00","8,100.00","20,532.00","6,732.30"
71,IND-25-0362,HASEN BOUALLAGUI NAT,66553638,30078800270,"3,400.00","1,700.00",0.00,"5,100.00","10,148.00",0.00,"20,348.00","7,387.20"
72,,WADDAH ABDALLA AHMED ELOBAID,71953163,28673602872,"3,000.00","1,500.00",0.00,"4,500.00","7,800.00","3,200.00","20,000.00","6,505.00"
73,,BILEL YACOUBI State of Qarar Ministry of Interior Traffic Department HORRYING LICENT,70400898,29078800332,"3,000.00","1,500.00",0.00,"4,500.00","9,500.00","1,500.00","20,000.00","6,675.00"
74,,صابر محمد,30861162,29573608410,"3,400.00","1,700.00",0.00,"5,100.00","9,785.00",0.00,"19,985.00","7,332.75"
75,IND-25-0313,WALID CHOURABI,31308631,28878801207,0.00,0.00,0.00,"4,200.00","14,700.00",910.70,"19,810.70","3,510.53"
76,IND-25-0230,علاء الدين خميس حسين,77456439,29378802213,"3,000.00","1,500.00",0.00,"4,500.00","9,000.00","1,800.00","19,800.00","6,615.00"
77,IND-25-0068,شرفي العبد الله,77517797,28273601464,"3,000.00","1,500.00",0.00,"4,500.00","10,100.00",400.00,"19,500.00","6,710.00"
78,,MOHAMMEDCHERIF شريف عمرو عياش,66036491,28801200831,"3,200.00","1,600.00",0.00,"4,800.00","9,600.00",0.00,"19,200.00","6,960.00"
79,IND-25-0073,محمد النخلي,33781937,27073600475,"2,500.00","1,250.00",0.00,"3,750.00","8,750.00","2,790.00","19,040.00","5,764.50"
80,IND-25-0308,محمد محمد سلمان,55554627,28773600707,"2,800.00","1,400.00",0.00,"4,200.00","9,800.00",450.00,"18,650.00","6,322.50"
81,IND-26-0041,Omer Omer,50575500,28873602172,0.00,0.00,0.00,0.00,"3,000.00","15,400.00","18,400.00","1,220.00"
82,IND-25-0527,محمود جاسم الصالح,71061952,,"3,000.00","1,500.00",0.00,"4,500.00","8,130.00",0.00,"17,130.00","6,394.50"
83,,HASSAN عبدالوهاب محمد الفكي,51060253,30173603044,"3,200.00","1,600.00",0.00,"4,800.00","6,500.00",100.00,"16,200.00","6,500.00"
84,IND-25-0204,سامي عبد الله,30534902,30073601472,"3,200.00","1,600.00",0.00,"4,800.00","6,400.00",0.00,"16,000.00","6,480.00"
85,,عمر محمد الجمعي مرائحي,31299557,28678802455,"3,000.00","1,500.00",0.00,"4,500.00","6,800.00",0.00,"15,800.00","6,195.00"
86,,محمد سرالختم,70371179,28073601259,"3,000.00","1,500.00",0.00,"4,500.00","5,168.00","1,332.00","15,500.00","6,016.80"
87,,MOHAMED ELSAMANI,50225055,29173600921,"3,200.00","1,600.00",0.00,"4,800.00","5,834.00",0.00,"15,434.00","6,395.10"
88,,عبد العزيز محمد,70342655,27173600979,"3,000.00","1,500.00",0.00,"3,000.00","3,000.00","4,500.00","15,000.00","5,400.00"
89,IND-25-0202,سيف الدولة عيسى,74033341,28273602377,0.00,0.00,0.00,0.00,"10,500.00","4,300.00","14,800.00","1,790.00"
90,,ISSAM MZOUGHI,74700503,28078801264,"3,600.00","1,800.00",0.00,"3,800.00","5,400.00",0.00,"14,600.00","6,540.00"
91,,Firas Mounir Al-Nasrawi,77303044,30078801087,"3,400.00","1,700.00",0.00,"5,100.00","4,350.00",0.00,"14,550.00","6,517.50"
92,IND-25-0176,ريم سينيانجا,55984233,28780000274,"2,560.00","1,280.00",0.00,"3,840.00","6,240.00",600.00,"14,520.00","5,382.00"
93,,AMMAR GHOZY,30403800,27976002717,"3,500.00","1,750.00",0.00,"5,250.00","3,500.00",0.00,"14,000.00","6,562.50"
94,IND-25-0186,MAHDI OSAMA EL MAHADI HAMID,30138501,29873600511,"3,600.00","1,800.00",0.00,"5,400.00","1,500.00","1,300.00","13,600.00","6,500.00"
95,IND-25-0637,ANOUAR METHLOUTHI,30796407,29278802521,"2,500.00","1,250.00",0.00,"3,750.00","2,350.00","3,750.00","13,600.00","4,852.50"
96,IND-25-0005,ABDELMONEIM HASSAN HAMDI,70184904,28408000256,"3,000.00","1,500.00",0.00,"3,500.00",300.00,"5,100.00","13,400.00","5,175.00"
97,,ثامر محمد السيد,30067536,27981811596,0.00,0.00,0.00,0.00,"5,080.00","8,160.00","13,240.00","1,170.00"
98,,ايهاب عبد الله,31009664,28573602823,"3,000.00","1,500.00",0.00,"4,500.00","3,900.00",0.00,"12,900.00","5,760.00"
99,IND-25-0207,BADREDINE KHALFI,77754754,29278801950,"4,400.00","1,800.00",0.00,0.00,400.00,"6,200.00","12,800.00","5,680.00"
100,IND-25-0151,مختار الامين,50129848,29073602003,"3,200.00","1,600.00",0.00,"4,800.00","3,200.00",0.00,"12,800.00","6,000.00"
101,CUST-25-258,عبد الرزاق حمد حماد الهنيديس,71921634,28476001834,"3,200.00","1,600.00",0.00,"4,800.00","3,100.00",0.00,"12,700.00","5,985.00"
102,,خبيب رضا السحباني,72202682,29578802624,"3,200.00","1,600.00",0.00,"4,800.00","3,050.00",0.00,"12,650.00","5,977.50"
103,,عثمان عبيريزة,30770117,28950401627,"3,200.00",0.00,0.00,"4,800.00","3,100.00",0.00,"11,100.00","4,785.00"
104,,RAMZI HACHMI BAAZAOUT NAT,39913719,29678802517,"3,200.00","1,600.00",0.00,"2,000.00","4,200.00",0.00,"11,000.00","5,310.00"
105,,غانجا شودري,77179042,27552401953,"3,200.00","1,600.00",0.00,"4,800.00",796.00,0.00,"10,396.00","5,639.40"
106,IND-25-0241,علي هلال الصخري الجنسية تونسي,50447989,29073603453,"3,000.00","1,500.00",0.00,"3,000.00","2,750.00",0.00,"10,250.00","5,137.50"
107,,MUSTAPHA BELKAID,31245752,30050400084,"3,400.00","1,700.00",0.00,"3,400.00","1,700.00",0.00,"10,200.00","5,610.00"
108,IND-25-0283,حمدي ثابت خليفة محمد,77763707,27881810216,"2,198.00",0.00,0.00,0.00,0.00,"7,901.00","10,099.00","2,373.25"
109,,حمد YANES,55260218,28878801028,"3,500.00",0.00,0.00,0.00,"5,700.00",650.00,"9,850.00","4,037.50"
110,,امين محمد شوشان,50131342,28978801418,"3,500.00","1,750.00",0.00,"3,923.00",0.00,0.00,"9,173.00","5,639.40"
111,IND-25-0024,عثمان محمد,50628032,30056200014,0.00,0.00,0.00,0.00,0.00,"8,360.00","8,360.00",418.00
112,,شرف الدين المجيد,71101506,29173603115,"2,000.00","1,000.00",0.00,"3,000.00","2,200.00",0.00,"8,200.00","3,780.00"
113,,وحيد بوكثير,71967826,29601201348,"3,000.00","1,500.00",0.00,"3,650.00",0.00,0.00,"8,150.00","4,920.00"
114,HIST-XLS-MEHDI-7038,مهدي محمد القاطري,51332508,29478802992,"3,200.00","1,600.00",0.00,"1,600.00","1,700.00",0.00,"8,100.00","4,815.00"
115,IND-25-0030,محمد محمد أحمد محمد,70007983,29073602906,"1,600.00",0.00,0.00,"3,025.00","3,250.00",0.00,"7,875.00","2,835.00"
116,IND-25-0045,مهند حمودة الظاهر,30623322,29076000589,0.00,0.00,0.00,0.00,"3,200.00","4,650.00","7,850.00",712.50
117,IND-25-0081,حمزة بادو,31179706,29850400215,"2,120.00","1,060.00",0.00,"3,180.00",0.00,"1,050.00","7,410.00","3,709.50"
118,IND-25-0350,عمارة خرّوبي,30122896,29178800153,"4,000.00","2,000.00",0.00,750.00,0.00,0.00,"6,750.00","5,325.00"
119,CUST-26-260,ياسين  الزلماطي,55315381,29678801036,"3,200.00","1,600.00",0.00,0.00,"1,600.00",0.00,"6,400.00","4,320.00"
120,,إبراهيم خضر,33750040,27773600560,"2,000.00","1,000.00",0.00,"2,500.00",0.00,0.00,"5,500.00","3,300.00"
121,,انور بن علي الذهبي,50234083,28978801437,"3,400.00","1,700.00",0.00,300.00,0.00,0.00,"5,400.00","4,425.00"
122,,عقبة قصعاوي,50409220,29878801945,"3,000.00","1,500.00",0.00,500.00,0.00,0.00,"5,000.00","3,975.00"
123,IND-25-0306,ABDULRAHMAN NASSER AHMED ALGHAIATHI,55771800,29988600543,"3,000.00","1,500.00",0.00,161.00,0.00,0.00,"4,661.00","3,873.30"
124,IND-25-0261,زكرياء بن احمد,50428348,29050401901,"2,000.00",0.00,0.00,0.00,"2,353.00",0.00,"4,353.00","2,152.95"
125,IND-25-0172,AHMED ELDIE DAFELSEED BABKER,33081277,27973601538,"4,000.00",80.00,0.00,0.00,0.00,0.00,"4,080.00","3,660.00"
126,IND-25-0698,عماد العياري,66071051,27478800538,"2,500.00",850.00,0.00,0.00,500.00,0.00,"3,850.00","2,962.50"
127,HIST-XLS-MOHSEN-5900,MOHAMED AZIZ JELLALI,50328969,30278800821,"3,000.00",800.00,0.00,0.00,0.00,0.00,"3,800.00","3,300.00"
128,IND-25-0289,اسماعيل احمد عبد الله محمد,30400511,29073602014,"1,750.00",50.00,0.00,0.00,0.00,"1,700.00","3,500.00","1,697.50"
129,,ازهري حاکم خالد حاكم,55578515,25873600219,"1,500.00","1,492.00",0.00,0.00,0.00,0.00,"2,992.00","2,469.00"
130,,محمد عماد النعماني,51230549,29878800782,"2,200.00",0.00,0.00,0.00,0.00,0.00,"2,200.00","1,980.00"
131,IND-25-0328,أيمن خليفة حمادي,30566445,29478802235,"2,100.00",0.00,0.00,0.00,0.00,0.00,"2,100.00","1,890.00"
132,IND-25-0128,ياسر ربيع محمد سليمان,77354490,27981803976,"2,100.00",0.00,0.00,0.00,0.00,0.00,"2,100.00","1,890.00"
133,,عمر محمد الفكي,50055884,,"1,600.00",0.00,0.00,0.00,0.00,0.00,"1,600.00","1,440.00"
134,IND-25-0237,محمد فوأد شوشان,55146823,28678802468,"1,600.00",0.00,0.00,0.00,0.00,0.00,"1,600.00","1,440.00"
135,IND-25-0035,عصام ابراهيم عبد الله,30777645,28778801222,"1,550.00",0.00,0.00,0.00,0.00,0.00,"1,550.00","1,395.00"
136,IND-25-0298,ادم صالح جبريل,50066411,28873601685,"1,500.00",0.00,0.00,0.00,0.00,0.00,"1,500.00","1,350.00"
137,IND-25-0320,أحمد بن ذهو,66607498,28878802556,"1,500.00",0.00,0.00,0.00,0.00,0.00,"1,500.00","1,350.00"
138,IND-25-0173,ABDELAZIZ JERFEL,33767961,29278800776,"1,500.00",0.00,0.00,0.00,0.00,0.00,"1,500.00","1,350.00"
139,IND-25-0599,CAR ISSUANCE INSPECTION ANWAR M,70561365,27573600311,"1,300.00",0.00,0.00,0.00,0.00,0.00,"1,300.00","1,170.00"
140,IND-25-0092,محمد حسام ديب,72034609,29101200887,0.00,0.00,0.00,0.00,350.00,0.00,350.00,52.50
141,HIST-XLS-MAHMOUD-893406,محمود جاسم الصالح,,28076000743,0.00,0.00,0.00,0.00,200.00,0.00,200.00,30.00
142,,فخري الدين عثمان,55422771,29173600956,0.00,0.00,0.00,0.00,0.00,150.00,150.00,7.50
143,IND-25-0089,مروان صفصافي,71886388,28978800935,0.00,0.00,0.00,0.00,0.00,150.00,150.00,7.50
