م,رقم اللوحة,الشركة الصانعة,الموديل,سنة الصنع,رقم الشاسيه (VIN),الحالة الفنية/التشغيلية,الموقع الحالي,تكلفة الشراء (ر.ق),تاريخ الشراء / بدء التشغيل,مجمع الإهلاك (ر.ق),القيمة الدفترية الحالية (ر.ق)
1,10064,Bestune,T33,2022,LFP83APE6N1K01372,municipality,غير محدد,"35,952.84",2024-02-01,"7,654.19","28,298.65"
2,10171,Bestune,T33,2022,LFP83APE6N1K00464,street_52,شارع 52,"35,952.84",2022-06-01,"12,457.75","23,495.09"
3,10172,Bestune,T33,2022,LFP83APE4N1K01404,rented,غير محدد,"35,952.84",2025-04-01,"4,307.45","31,645.39"
4,10173,Bestune,T33,2022,LFP83APE2N1K01448,available,الخريطيات,"35,952.84",2022-06-01,"12,457.75","23,495.09"
5,10174,Bestune,T33,2022,LFP83APE2N1K01417,street_52,غير محدد,"35,952.84",2024-03-01,"7,425.82","28,527.02"
6,10176,Bestune,T33,2022,LFP83APE6N1K01467,available,غير محدد,"35,952.84",2024-12-01,"5,260.29","30,692.55"
7,10189,Bestune,T33,2022,LFP83APE2N1K01398,street_52,شارع 52,"35,952.84",2024-03-01,"7,425.82","28,527.02"
8,10197,Bestune,T33,2022,LFP83APE3N1K00325,rented,غير محدد,"35,952.84",2024-04-01,"7,181.71","28,771.13"
9,10663,changan,Alsvin,2024,LS5A2ASEXRD912568,rented,غير محدد,"41,625.50",2023-06-27,"10,858.53","30,766.97"
10,10664,changan,Alsvin,2024,LS5A2ASE1RD912605,available,غير محدد,"41,625.50",2023-06-27,"10,858.53","30,766.97"
11,10665,changan,Alsvin,2024,LS5A2ASE0RD912563,available,غير محدد,"41,625.50",2023-06-27,"10,858.53","30,766.97"
12,10666,changan,Alsvin,2024,LS5A2ASE8RD912570,available,غير محدد,"41,625.50",2023-06-27,"10,858.53","30,766.97"
13,10667,changan,Alsvin,2024,LS5A2ASE8RD912567,street_52,غير محدد,"41,625.50",2023-06-27,"10,858.53","30,766.97"
14,10668,changan,Alsvin,2024,LS5A2ASE7RD912608,rented,غير محدد,"41,625.50",2023-06-27,"10,858.53","30,766.97"
15,10669,changan,Alsvin,2024,LS5A2ASE6RD912597,available,شارع 52,"41,625.50",2023-06-27,"10,858.53","30,766.97"
16,10670,changan,Alsvin,2024,LS5A2ASE6RD912602,available,غير محدد,"41,625.50",2023-06-27,"10,858.53","30,766.97"
17,10671,changan,Alsvin,2024,LS5A2ASE1RD912569,street_52,شارع 52,"41,625.50",2023-06-27,"10,858.53","30,766.97"
18,10672,changan,Alsvin,2024,LS5A2ASEXRD912604,street_52,شارع 52,"41,625.50",2023-06-27,"10,858.53","30,766.97"
19,10849,changan,Alsvin,2024,LS5A2ASE7RD910941,municipality,غير محدد,"41,625.50",2023-06-27,"10,858.53","30,766.97"
20,10850,changan,Alsvin,2024,LS5A2ASE9RD910939,street_52,غير محدد,"41,625.50",2023-06-27,"10,858.53","30,766.97"
21,10851,changan,Alsvin,2024,LS5A2ASE8RD910933,available,غير محدد,"41,625.50",2023-06-27,"10,858.53","30,766.97"
22,10852,changan,Alsvin,2024,LS5A2ASE1RD910935,available,غير محدد,"41,625.50",2023-06-27,"10,858.53","30,766.97"
23,10853,changan,Alsvin,2024,LS5A2ASE9RD910942,available,غير محدد,"41,625.50",2023-06-27,"10,858.53","30,766.97"
24,10854,changan,Alsvin,2024,LS5A2ASE3RD910936,municipality,غير محدد,"41,625.50",2023-06-27,"10,858.53","30,766.97"
25,10855,changan,Alsvin,2024,LS5A2ASE5RD910937,municipality,غير محدد,"41,625.50",2023-06-27,"10,858.53","30,766.97"
26,10856,changan,Alsvin,2024,LS5A2ASE5RD910940,available,غير محدد,"41,625.50",2023-06-27,"10,858.53","30,766.97"
27,10857,changan,Alsvin,2024,LS5A2ASEXRD910934,rented,غير محدد,"41,625.50",2023-06-27,"10,858.53","30,766.97"
28,10858,changan,Alsvin,2024,LS5A2ASE7RD910938,available,غير محدد,"41,625.50",2023-06-27,"10,858.53","30,766.97"
29,11473,Bestune,T33,2022,LFP83APE5N1K01489,available,غير محدد,"35,952.84",2024-09-01,"5,976.88","29,975.96"
30,153974,Bestune,T77 pro,2023,LFBGE3062PJK31644,rented,غير محدد,"55,500.00",2023-05-08,"15,085.67","40,414.33"
31,17216,Bestune,B70,2023,LFP83ACP1P1K00480,available,الكراج,"60,000.00",2022-08-31,"19,594.25","40,405.75"
32,185485,Bestune,T77,2023,LFBGE3066PJK01000,rented,غير محدد,"55,500.00",2024-03-01,"11,463.16","44,036.84"
33,185513,Bestune,T77,2023,LFBGE3069PJK01010,rented,غير محدد,"55,500.00",2024-01-01,"12,192.53","43,307.47"
34,185573,Bestune,T77,2023,LFBGE3065PJK00971,rented,غير محدد,"55,500.00",2025-03-01,"7,026.20","48,473.80"
35,186246,hongqi,H9,2023,LFPH6BCP4P2L00399,reserved_employee,غير محدد,"194,468.93",2023-01-15,"57,672.48","136,796.45"
36,21849,Bestune,B70s,2023,LFP84APP3P1K04389,street_52,شارع 52,"76,500.00",2024-01-01,"16,805.91","59,694.09"
37,21860,Bestune,B70s,2023,LFP84APP6P1K05052,rented,غير محدد,"76,500.00",2024-04-13,"15,080.08","61,419.92"
38,21875,Bestune,T33,2022,LFP83APE7N1K00313,available,أم صلال,"35,952.84",2024-04-01,"7,181.71","28,771.13"
39,234,testt,(retired),2024,,available,غير محدد,"55,000.00",2025-12-01,"3,650.10","51,349.90"
40,2633,dongfeng,A30,2023,LGJE1EE02PM057566,available,غير محدد,"78,228.00",2023-02-07,"22,805.52","55,422.48"
41,2634,dongfeng,A30,2023,LGJE1EE08PM057572,rented,غير محدد,"78,228.00",2023-02-07,"22,805.52","55,422.48"
42,2635,dongfeng,A30,2023,LGJE1EE00PM057565,maintenance,غير محدد,"78,228.00",2023-02-07,"22,805.52","55,422.48"
43,2636,dongfeng,A60 max,2023,LGJE1EE09PM057970,street_52,شارع 52,"78,228.00",2023-02-07,"22,805.52","55,422.48"
44,2637,dongfeng,A30,2023,LGJE1EE06PM057568,accident,غير محدد,"78,228.00",2023-02-07,"22,805.52","55,422.48"
45,2766,Bestune,T77,2023,LFBGE3062PJK30798,rented,غير محدد,"55,500.00",2025-02-01,"7,366.57","48,133.43"
46,2767,Bestune,T77,2023,LFBGE3063PJK30843,street_52,شارع 52,"55,500.00",2024-04-01,"11,086.32","44,413.68"
47,2768,Bestune,T77,2023,LFBGE3062PJK30848,rented,غير محدد,"55,500.00",2023-12-01,"12,569.36","42,930.64"
48,2769,Bestune,T77,2023,LFBGE3064PJK30849,rented,غير محدد,"55,500.00",2024-01-25,"11,900.78","43,599.22"
49,2770,Bestune,T77,2023,LFBGE3060PJK30850,rented,غير محدد,"55,500.00",2024-08-01,"9,603.29","45,896.71"
50,2771,Bestune,T77,2023,LFBGE3068PJK30868,available,الخريطيات,"55,500.00",2024-01-21,"11,949.40","43,550.60"
51,2772,Bestune,T77,2023,LFBGE306XPJK30872,rented,غير محدد,"55,500.00",2024-07-01,"9,980.12","45,519.88"
52,2773,Bestune,T77,2023,LFBGE3069PJK30877,street_52,شارع 52,"55,500.00",2024-02-01,"11,815.69","43,684.31"
53,2774,Bestune,T77,2023,LFBGE3064PJK30799,available,غير محدد,"55,500.00",2024-03-01,"11,463.16","44,036.84"
54,2775,Bestune,BGE30,2023,LFBGE3068PJK30966,rented,غير محدد,"55,000.00",2025-04-01,"6,589.46","48,410.54"
55,2776,Bestune,T77,2023,LFBGE3067PJK30957,available,غير محدد,"55,500.00",2024-01-01,"12,192.53","43,307.47"
56,2777,Bestune,T77,2023,LFBGE3069PJK30975,available,الخريطيات,"55,500.00",2024-01-01,"12,192.53","43,307.47"
57,2778,Bestune,T77,2023,LFBGE3060PJK30864,rented,غير محدد,"55,500.00",2024-08-28,"9,275.07","46,224.93"
58,2779,Bestune,T77,2023,LFBGE3062PJK30980,street_52,غير محدد,"55,500.00",2024-11-01,"8,484.93","47,015.07"
59,2780,Bestune,T77,2023,LFBGE3066PJK30979,available,غير محدد,"55,500.00",2023-12-01,"12,569.36","42,930.64"
60,2781,Bestune,T77,2023,LFBGE3066PJK30951,available,غير محدد,"55,500.00",2023-01-15,"16,459.30","39,040.70"
61,2782,Bestune,T77,2023,LFBGE3066PJK30965,rented,غير محدد,"55,500.00",2025-02-01,"7,366.57","48,133.43"
62,2783,Bestune,T77,2023,LFBGE306XPJK30967,street_52,شارع 52,"55,500.00",2024-07-01,"9,980.12","45,519.88"
63,2784,Bestune,T77,2023,LFBGE3060PJK30962,rented,غير محدد,"55,500.00",2025-08-01,"5,166.32","50,333.68"
64,2798,Bestune,BGE30,2023,LFBGE3064PJK30964,out_of_service,التأمين - في انتظار الشطب,"55,000.00",2024-07-28,"9,564.96","45,435.04"
65,335485,MG5,MG5,2024,LSJA36E3XRZ022113,available,غير محدد,"55,156.96",2023-10-19,"13,011.15","42,145.81"
66,335750,MG5,MG5,2024,LSJA36E38RZ022501,available,غير محدد,"55,156.96",2023-10-19,"13,011.15","42,145.81"
67,381247,Bestune,B70,2023,LFP84ACP0P1K00208,available,أم صلال,"50,735.48",2023-01-15,"15,046.32","35,689.16"
68,4014,GAC,GS3,2024,LMWHR1G22R1107031,available,غير محدد,"50,960.00",2023-07-15,"13,092.64","37,867.36"
69,4015,GAC,GS3,2024,LMWHR2G21R1106937,rented,غير محدد,"50,960.00",2023-07-15,"13,092.64","37,867.36"
70,4016,GAC,GS3,2024,LMWHR1G22R1107028,rented,غير محدد,"50,960.00",2023-07-15,"13,092.64","37,867.36"
71,4017,GAC,GS3,2024,LMWHR1G21R1107036,out_of_service,غير محدد,"50,960.00",2023-07-15,"13,092.64","37,867.36"
72,4018,GAC,GS3,2024,LMWHR1G26R1107033,rented,غير محدد,"50,960.00",2023-07-15,"13,092.64","37,867.36"
73,521207,MG5,MG5,2024,LSJA36E30RZ021701,available,غير محدد,"55,156.96",2023-10-19,"13,011.15","42,145.81"
74,548682,MG5,MG5,2024,LSJA36E33RZ021787,available,غير محدد,"55,156.96",2023-10-19,"13,011.15","42,145.81"
75,556199,Bestune,B70,2023,LFP83ACP2P1K00276,available,غير محدد,"60,000.00",2022-08-31,"19,594.25","40,405.75"
76,557098,MG5,MG5,2024,LSJA36E34RZ021958,available,غير محدد,"55,156.96",2023-10-19,"13,011.15","42,145.81"
77,563829,Bestune,T33,2022,LFP83APEXN1K01391,street_52,شارع 52,"35,952.84",2023-07-01,"9,347.25","26,605.59"
78,570468,MG5,MG5,2024,LSJA36E39RZ023608,available,غير محدد,"55,156.96",2023-10-19,"13,011.15","42,145.81"
79,5888,Bestune,BGE30,2023,LFBGE3067PJK31655,municipality,غير محدد,"55,500.00",2023-05-08,"15,085.67","40,414.33"
80,5889,Bestune,BGE30,2023,LFBGE3063PJK30986,available,غير محدد,"55,500.00",2023-05-08,"15,085.67","40,414.33"
81,5890,Bestune,BGE30,2023,LFBGE3067PJK31641,available,غير محدد,"55,500.00",2023-05-08,"15,085.67","40,414.33"
82,5891,Bestune,T77,2023,LFBGE306XPJK31651,available,غير محدد,"55,500.00",2023-05-08,"15,085.67","40,414.33"
83,5892,Bestune,T77,2023,LFBGE3061PJK31652,rented,غير محدد,"55,500.00",2023-05-08,"15,085.67","40,414.33"
84,5893,Bestune,MS00,2023,LFBGE3064PJK31340,available,الخريطيات,"55,500.00",2023-05-08,"15,085.67","40,414.33"
85,5894,Bestune,BGE30,2023,LFBGE3062PJK31403,municipality,البلدية,"55,500.00",2023-05-08,"15,085.67","40,414.33"
86,5895,Bestune,BGE30,2023,LFBGE3064PJK31404,available,غير محدد,"55,500.00",2023-05-08,"15,085.67","40,414.33"
87,5896,Bestune,BGE30,2023,LFBGE3061PJK31456,available,غير محدد,"55,500.00",2023-05-08,"15,085.67","40,414.33"
88,5897,Bestune,BGE30,2023,LFBGE3064PJK31645,available,غير محدد,"55,500.00",2023-05-08,"15,085.67","40,414.33"
89,5898,Bestune,T77,2023,LFBGE3064PJK31323,rented,غير محدد,"55,500.00",2023-05-08,"15,085.67","40,414.33"
90,5899,Bestune,BGE30,2023,LFBGE3065PJK31265,rented,غير محدد,"55,500.00",2023-05-08,"15,085.67","40,414.33"
91,5900,Bestune,T77,2023,LFBGE3069PJK30989,rented,غير محدد,"55,500.00",2023-05-08,"15,085.67","40,414.33"
92,5901,Bestune,BGE30,2023,LFBGE3066PJK31162,rented,غير محدد,"55,500.00",2023-05-08,"15,085.67","40,414.33"
93,599720,Unknown,T77,2020,LFBGE3067PJK31266,rented,غير محدد,"55,500.00",2023-05-08,"15,085.67","40,414.33"
94,602448,Bestune,B70,2022,LFP83APE6N1K01324,accident,غير محدد,"50,735.48",2022-06-01,"17,579.97","33,155.51"
95,603353,Unknown,BGE30,2020,LFBGE3061PJK31652,available,غير محدد,"55,000.00",2025-11-09,"3,915.13","51,084.87"
96,646507,Bestune,B70,2023,LFP83ACP5P1K00465,municipality,غير محدد,"60,000.00",2022-08-31,"19,594.25","40,405.75"
97,648144,Bestune,B70,2023,LFP83ACP6P1K00281,available,غير محدد,"60,000.00",2022-08-31,"19,594.25","40,405.75"
98,676281,Bestune,B70,2023,LFP83ACP6P1K00250,rented,غير محدد,"60,000.00",2022-08-31,"19,594.25","40,405.75"
99,692801,Bestune,B70,2023,LFP83ACP0P1K00292,rented,غير محدد,"60,000.00",2022-08-31,"19,594.25","40,405.75"
100,7034,Bestune,T77,2023,LFBGE3063PJK31409,street_52,شارع 52,"55,500.00",2024-01-20,"11,961.56","43,538.44"
101,7035,Bestune,BGE30,2023,LFBGE3067PJK31316,municipality,غير محدد,"55,500.00",2023-05-08,"15,085.67","40,414.33"
102,7036,Bestune,BGE30,2023,LFBGE3065PJK31329,rented,غير محدد,"55,500.00",2023-05-08,"15,085.67","40,414.33"
103,7037,Bestune,BGE30,2023,LFBGE3065PJK31332,municipality,غير محدد,"55,500.00",2023-05-08,"15,085.67","40,414.33"
104,7038,Bestune,T77,2023,LFBGE306XPJK31312,rented,غير محدد,"55,500.00",2023-05-08,"15,085.67","40,414.33"
105,7039,Bestune,T77,2023,LFBGE3069PJK31639,available,غير محدد,"55,500.00",2023-05-08,"15,085.67","40,414.33"
106,7040,Bestune,T77,2023,LFBGE3063PJK31636,municipality,غير محدد,"55,500.00",2023-05-08,"15,085.67","40,414.33"
107,7041,Bestune,BGE30,2023,LFBGE3068PJK31650,rented,غير محدد,"55,000.00",2024-04-01,"10,986.45","44,013.55"
108,7042,Bestune,T77,2023,LFBGE3066PJK31274,municipality,البلدية,"55,500.00",2023-05-08,"15,085.67","40,414.33"
109,7043,Bestune,BGE30,2023,LFBGE3060PJK31268,rented,غير محدد,"55,500.00",2023-05-08,"15,085.67","40,414.33"
110,7053,Bestune,BGE30,2023,LFBGE3068PJK31387,rented,غير محدد,"55,500.00",2023-05-08,"15,085.67","40,414.33"
111,7054,Bestune,T77,2023,LFBGE3068PJK31096,available,غير محدد,"55,500.00",2023-05-08,"15,085.67","40,414.33"
112,7056,Bestune,BGE30,2023,LFBGE3067PJK31638,rented,غير محدد,"55,500.00",2023-05-08,"15,085.67","40,414.33"
113,7057,Bestune,BGE30,2023,LFBGE3060PJK31643,out_of_service,غير محدد,"55,500.00",2023-05-08,"15,085.67","40,414.33"
114,7058,Bestune,CHASSIS,2023,LFBGE3065PJK31654,available,غير محدد,"55,500.00",2023-05-08,"15,085.67","40,414.33"
115,7059,Bestune,BGE30,2023,LFBGE3062PJK31322,rented,غير محدد,"55,500.00",2023-05-08,"15,085.67","40,414.33"
116,7060,Bestune,BGE30,2023,LFBGE3065PJK31377,stolen,غير محدد,"55,500.00",2023-05-08,"15,085.67","40,414.33"
117,7061,Bestune,BGE30,2023,LFBGE3065PJK31640,street_52,غير محدد,"55,500.00",2023-05-08,"15,085.67","40,414.33"
118,706150,Bestune,B70,2023,LFP83ACP3P1K00478,rented,غير محدد,"60,000.00",2022-08-31,"19,594.25","40,405.75"
119,7062,Bestune,MS00,2023,LFBGE3067PJK31252,available,غير محدد,"55,500.00",2023-05-08,"15,085.67","40,414.33"
120,7063,Bestune,T77 pro,2023,LFBGE3063PJK31328,available,غير محدد,"55,500.00",2023-05-08,"15,085.67","40,414.33"
121,7064,Bestune,BGE30,2023,LFBGE3065PJK31251,street_52,شارع 52,"55,000.00",2024-03-01,"11,359.89","43,640.11"
122,7065,Bestune,BGE30,2023,,available,غير محدد,"55,000.00",2024-01-01,"12,082.68","42,917.32"
123,7066,Bestune,BGE30,2023,LFBGE3069PJK31642,available,غير محدد,"55,500.00",2023-05-08,"15,085.67","40,414.33"
124,7067,Bestune,BGE30,2023,LFBGE3064PJK31192,street_52,شارع 52,"55,500.00",2023-05-08,"15,085.67","40,414.33"
125,7068,Bestune,BGE30,2023,LFBGE3060PJK31318,rented,غير محدد,"55,500.00",2023-05-08,"15,085.67","40,414.33"
126,7069,Bestune,BGE30,2023,LFBGE3064PJK31242,rented,غير محدد,"55,500.00",2023-05-08,"15,085.67","40,414.33"
127,7070,Bestune,T77 pro,2023,LFBGE3066PJK31324,street_52,شارع 52,"55,500.00",2023-05-08,"15,085.67","40,414.33"
128,7071,Bestune,T77 pro,2023,LFBGE3064PJK31273,available,غير محدد,"55,500.00",2023-05-08,"15,085.67","40,414.33"
129,7072,Bestune,BGE30,2023,LFBGE3060PJK31402,rented,غير محدد,"55,500.00",2023-05-08,"15,085.67","40,414.33"
130,7073,Bestune,T77 pro,2023,LFBGE3063PJK31345,available,غير محدد,"55,500.00",2023-05-08,"15,085.67","40,414.33"
131,7074,Bestune,T77,2023,LFBGE3068PJK31406,available,غير محدد,"55,500.00",2023-05-08,"15,085.67","40,414.33"
132,7075,Bestune,T77 pro,2023,LFBGE306XPJK31326,rented,غير محدد,"55,500.00",2023-05-08,"15,085.67","40,414.33"
133,7076,Bestune,T77 pro,2023,LFBGE3060PJK31321,reserved_employee,غير محدد,"55,500.00",2023-05-08,"15,085.67","40,414.33"
134,7077,Bestune,T77,2023,LFBGE3061PJK31067,rented,غير محدد,"55,500.00",2023-05-08,"15,085.67","40,414.33"
135,7078,Bestune,CHASSIS,2023,LFBGE3065PJK31637,rented,غير محدد,"55,500.00",2023-05-08,"15,085.67","40,414.33"
136,711289,Bestune,B70,2023,LFP83ACP3P1K00433,municipality,غير محدد,"60,000.00",2022-08-31,"19,594.25","40,405.75"
137,711464,Bestune,B70,2023,LFP83ACP9P1K00257,street_52,غير محدد,"60,000.00",2022-08-31,"19,594.25","40,405.75"
138,718325,Bestune,B70,2023,LFP83ACP9P1K00419,municipality,غير محدد,"60,000.00",2022-08-31,"19,594.25","40,405.75"
139,721440,Bestune,B70,2023,LFP83ACPXP1K00459,accident,حادث/تأمين,"60,000.00",2022-08-31,"19,594.25","40,405.75"
140,721894,Bestune,T33,2022,LFP83APEXN1K01360,available,غير محدد,"35,952.84",2024-02-01,"7,654.19","28,298.65"
141,722134,Bestune,B70,2023,LFP83ACP0P1K00275,out_of_service,تم نقل الملكية إلى حمدي ثابت - خارج أسطول الشركة,"60,000.00",2022-08-31,"19,594.25","40,405.75"
142,725473,Bestune,B70,2023,LFP83ACP2P1K00259,street_52,شارع 52,"60,000.00",2022-08-31,"19,594.25","40,405.75"
143,739649,MG5,MG5,2024,LSJA36E39RZ023947,available,غير محدد,"55,156.96",2023-10-19,"13,011.15","42,145.81"
144,741277,MG5,MG5,2024,LSJA36E33RZ022101,available,غير محدد,"55,156.96",2023-10-19,"13,011.15","42,145.81"
145,742320,MG5,MG5,2024,LSJA36E39RZ021633,available,غير محدد,"55,156.96",2023-10-19,"13,011.15","42,145.81"
146,746956,MG5,MG5,2024,LSJA36E39RZ021860,available,غير محدد,"55,156.96",2023-10-19,"13,011.15","42,145.81"
147,749403,MG5,MG5,2024,LSJA36E35RZ021743,available,غير محدد,"55,156.96",2023-10-19,"13,011.15","42,145.81"
148,749762,MG5,MG5,2024,LSJA36E34RZ023399,available,غير محدد,"55,156.96",2023-10-19,"13,011.15","42,145.81"
149,751340,MG5,MG5,2024,LSJA36E32RZ022512,available,غير محدد,"55,156.96",2023-10-19,"13,011.15","42,145.81"
150,751425,MG5,MG5,2024,LSJA36E33RZ021854,street_52,شارع 52,"55,156.96",2023-10-19,"13,011.15","42,145.81"
151,752724,MG5,MG5,2024,LSJA36E34RZ023452,available,غير محدد,"55,156.96",2023-10-19,"13,011.15","42,145.81"
152,754436,MG5,MG5,2024,LSJA36E34RZ023502,available,غير محدد,"55,156.96",2023-10-19,"13,011.15","42,145.81"
153,754705,MG5,MG5,2024,LSJA36E35RZ023461,available,غير محدد,"55,156.96",2023-10-19,"13,011.15","42,145.81"
154,756104,MG5,MG5,2024,LSJA36E33RZ022504,available,غير محدد,"55,156.96",2023-10-19,"13,011.15","42,145.81"
155,757935,MG5,MG5,2024,LSJA36E37RZ023459,accident,غير محدد,"55,156.96",2023-10-19,"13,011.15","42,145.81"
156,761292,MG5,MG5,2024,LSJA36E38RZ023616,available,غير محدد,"55,156.96",2023-10-19,"13,011.15","42,145.81"
157,816508,MG5,MG5,2024,LSJA36E36RZ023484,available,غير محدد,"55,156.96",2023-10-19,"13,011.15","42,145.81"
158,817009,MG5,MG5,2024,LSJA36E39RZ023625,available,غير محدد,"55,156.96",2023-10-19,"13,011.15","42,145.81"
159,819027,MG5,MG5,2024,LSJA36E39RZ023723,available,غير محدد,"55,156.96",2023-10-19,"13,011.15","42,145.81"
160,8203,جي ايه سي,MS00,2024,LMWHA1G8XR1019615,rented,غير محدد,"51,450.00",2023-07-21,"13,150.92","38,299.08"
161,8204,جي ايه سي,GS3,2024,LMWHR1G23R1106910,available,غير محدد,"51,450.00",2023-07-21,"13,150.92","38,299.08"
162,8205,جي ايه سي,GS3,2024,LMWHR1G27R1106912,available,غير محدد,"51,450.00",2023-07-21,"13,150.92","38,299.08"
163,8206,جي ايه سي,GS3,2024,LMWHR1G21R1105562,rented,غير محدد,"51,450.00",2023-07-21,"13,150.92","38,299.08"
164,8207,GAC,GS3,2024,LMWHR1G23R1105563,rented,غير محدد,"51,450.00",2023-07-21,"13,150.92","38,299.08"
165,8208,جي ايه سي,GS3,2024,LMWHR1G20R1105567,available,الخريطيات,"51,450.00",2023-07-21,"13,150.92","38,299.08"
166,8209,جي ايه سي,GS3,2024,LMWHR1G24R1105569,reserved_employee,غير محدد,"51,450.00",2023-07-21,"13,150.92","38,299.08"
167,8210,GAC,GS3,2024,LMWHR1G21R1106890,out_of_service,غير محدد,"51,450.00",2023-07-21,"13,150.92","38,299.08"
168,8211,جي ايه سي,GS3,2024,LMWHR1G25R1106892,rented,غير محدد,"51,450.00",2023-07-21,"13,150.92","38,299.08"
169,8212,جي ايه سي,CHASSIS,2024,LMWHA1G88R1019614,rented,غير محدد,"51,450.00",2023-07-21,"13,150.92","38,299.08"
170,8213,جي ايه سي,GS3,2024,LMWHA1G8XR1019565,available,غير محدد,"51,450.00",2023-07-21,"13,150.92","38,299.08"
171,8214,GAC,GS3,2024,LMWHR1G27R1106909,available,غير محدد,"51,450.00",2023-07-21,"13,150.92","38,299.08"
172,821873,MG5,MG5,2024,LSJA36E30RZ021844,available,غير محدد,"55,156.96",2023-10-19,"13,011.15","42,145.81"
173,822389,MG5,MG5,2024,LSJA36E3XRZ021852,available,غير محدد,"55,156.96",2023-10-19,"13,011.15","42,145.81"
174,846485,Ford,TERRITORY,2023,LJXCU3BBXPTF09270,reserved_employee,مع الموظف اسامة عبدالمنعم,"76,500.00",2023-12-01,"17,325.34","59,174.66"
175,846508,Ford,TERRITORY,2023,LJXCU3BB5PTF06387,rented,غير محدد,"76,500.00",2023-10-01,"18,347.43","58,152.57"
176,846560,فورد,XCU3,2023,LJXCU3BB8PTF09333,street_52,شارع 52,"76,500.00",2023-12-01,"17,325.34","59,174.66"
177,847059,Ford,TERRITORY,2023,LJXCU3BBXPTF09334,rented,غير محدد,"76,500.00",2023-12-01,"17,325.34","59,174.66"
178,847099,Ford,TERRITORY,2023,LJXCU3BB9PTF09289,out_of_service,غير محدد,"76,500.00",2024-04-01,"15,281.15","61,218.85"
179,847601,فورد,XCU3,2023,LJXCU3BB5PTF09273,reserved_employee,غير محدد,"76,500.00",2023-01-15,"22,687.15","53,812.85"
180,847932,فورد,XCU3,2023,LJXCU3BB7PTF09274,out_of_service,لدى حسن بن ساسي ظاهري - بانتظار نقل الملكية في ديسمبر 2027,"76,500.00",2023-07-01,"19,888.95","56,611.05"
181,847941,Ford,TERRITORY,2023,LJXCU3BB9PTF09275,available,غير محدد,"76,500.00",2023-07-01,"19,888.95","56,611.05"
182,847987,Ford,TERRITORY,2023,LJXCU3BB0PTF16079,available,غير محدد,"76,500.00",2023-07-01,"19,888.95","56,611.05"
183,848014,Ford,TERRITORY,2023,LJXCU3BB9PTF16078,available,متوفرة,"76,500.00",2025-09-01,"6,601.72","69,898.28"
184,856589,Bestune,LFP84,2023,LFP84APPOP1K03751,available,غير محدد,"76,500.00",2024-01-01,"16,805.91","59,694.09"
185,856715,Bestune,CHASSIS,2023,LFP84APPOP1K04401,available,غير محدد,"55,000.00",2024-08-01,"9,516.77","45,483.23"
186,856718,Bestune,LFP84,2023,LFP84APP6P1K04399,rented,غير محدد,"76,500.00",2025-02-01,"10,153.92","66,346.08"
187,856878,Bestune,LFP84,2023,LFP84APP2P1K04495,street_52,غير محدد,"76,500.00",2024-05-08,"14,661.19","61,838.81"
188,856925,Bestune,LFP84,2023,LFP84APP7P1K04427,street_52,شارع 52,"76,500.00",2024-03-01,"15,800.57","60,699.43"
189,857045,Bestune,B70s,2023,LFP84APPXP1K04437,rented,غير محدد,"76,500.00",2024-01-01,"16,805.91","59,694.09"
190,857051,Bestune,LFP84,2023,LFP84APP5P1K05043,rented,غير محدد,"76,500.00",2024-09-01,"12,717.54","63,782.46"
191,862165,Bestune,T33,2022,LFP83APE6N1K00335,rented,غير محدد,"35,952.84",2024-02-28,"7,441.57","28,511.27"
192,862169,Bestune,T33,2022,LFP83APE3N1K00311,rented,غير محدد,"35,952.84",2024-03-01,"7,425.82","28,527.02"
193,893405,Bestune,B70,2023,LFP83ACP8P1K00461,out_of_service,غير محدد,"60,000.00",2022-08-31,"19,594.25","40,405.75"
194,893406,Bestune,B70,2023,LFP83ACP7P1K00404,stolen,غير محدد,"60,000.00",2022-08-31,"19,594.25","40,405.75"
195,893407,Bestune,B70,2023,LFP83ACP5P1K00417,municipality,البلدية,"60,000.00",2022-08-31,"19,594.25","40,405.75"
196,893408,Bestune,B70,2023,LFP83ACP4P1K00456,available,غير محدد,"60,000.00",2022-08-31,"19,594.25","40,405.75"
197,893409,Bestune,B70,2023,LFP83ACP1P1K00463,rented,غير محدد,"60,000.00",2022-08-31,"19,594.25","40,405.75"
198,893410,Bestune,B70,2023,LFP83ACP1P1K00432,rented,غير محدد,"60,000.00",2022-08-31,"19,594.25","40,405.75"
199,893411,Bestune,B70,2023,LFP83ACP0P1K00454,reserved_employee,شارع 52,"60,000.00",2022-08-31,"19,594.25","40,405.75"
200,906077,Bestune,T99,2023,LFBGE6073PJK31839,available,غير محدد,"76,000.00",2024-09-04,"12,584.48","63,415.52"
201,9255,Bestune,T33,2022,LFP83APE1N1K00338,available,غير محدد,"35,952.84",2023-07-01,"9,347.25","26,605.59"
202,9890,Bestune,T33,2022,LFP83APE0N1K00461,street_52,شارع 52,"35,952.84",2023-10-01,"8,622.78","27,330.06"
203,9891,Bestune,T33,2022,LFP83APEXN1K01374,maintenance,الصناعية لصناعية,"35,952.84",2023-12-01,"8,142.42","27,810.42"
204,9894,Bestune,T33,2022,LFP83APE6N1K01243,available,غير محدد,"35,952.84",2023-08-01,"9,103.13","26,849.71"
205,9902,Bestune,T33,2022,LFP83APE0N1K01481,street_52,شارع 52,"35,952.84",2024-02-24,"7,473.07","28,479.77"
206,9905,Bestune,T33,2022,LFP83APE0N1K01478,street_52,غير محدد,"35,952.84",2024-07-01,"6,465.11","29,487.73"
207,9999,Bestune,T33,2022,LFP83APE9N1K01320,street_52,شارع 52,"35,952.84",2024-03-16,"7,307.70","28,645.14"
208,DUP-185 513,Unknown,T77,2020,LFBGE3069PJK01010,out_of_service,غير محدد,"55,500.00",2025-11-09,"3,950.72","51,549.28"
209,DUP-185 573,Unknown,Unknown,2020,LFBGE3065PJK00971,out_of_service,غير محدد,"55,000.00",2025-11-09,"3,915.13","51,084.87"
210,DUP-599720,Bestune,T77 pro,2023,LFBGE3067PJK31266,out_of_service,غير محدد,"55,500.00",2023-05-08,"15,085.67","40,414.33"
211,KWT-00S87N,Toyota,Camry,2026,,available,غير محدد,"95,000.00",2026-01-01,"5,659.69","89,340.31"
212,KWT-0BS7HK,Toyota,Camry,2026,,available,غير محدد,"95,000.00",2026-01-01,"5,659.69","89,340.31"
213,KWT-14UXVG,Toyota,Camry,2026,,available,غير محدد,"95,000.00",2026-01-01,"5,659.69","89,340.31"
214,KWT-242PQK,Toyota,Camry,2026,,available,غير محدد,"95,000.00",2026-01-01,"5,659.69","89,340.31"
215,KWT-3DT51X,Toyota,Camry,2026,,available,غير محدد,"95,000.00",2026-01-01,"5,659.69","89,340.31"
216,KWT-AJG7QS,Toyota,Camry,2026,,available,غير محدد,"95,000.00",2026-01-01,"5,659.69","89,340.31"
217,KWT-KE361O,Toyota,Camry,2026,,available,غير محدد,"95,000.00",2026-01-01,"5,659.69","89,340.31"
218,KWT-OW5W7Q,Toyota,Camry,2026,,available,غير محدد,"95,000.00",2026-01-01,"5,659.69","89,340.31"
219,KWT-P04VXY,Toyota,Camry,2026,,available,غير محدد,"95,000.00",2026-01-01,"5,659.69","89,340.31"
220,TEST-123,Toyota,(retired),2023,,available,غير محدد,"95,000.00",2023-01-15,"28,173.58","66,826.42"
221,أ ب ج 1342,تجربة,تجربة,2022,JH4DB1540NS000342,available,غير محدد,"85,000.00",2023-01-15,"25,207.94","59,792.06"
